name,owner,language,stars,forks,watchers,open_issues,created_date,updated_date,license,repository_age_years,days_since_update
tensorflow,tensorflow,C++,197214,76083,197214,2923,2015-11-07 01:19:20+00:00,2026-08-21 20:23:11+00:00,Apache License 2.0,10.79,0
transformers,huggingface,Python,164314,34314,164314,2381,2018-10-29 13:56:00+00:00,2026-08-21 19:15:24+00:00,Apache License 2.0,7.81,0
ML-For-Beginners,microsoft,Jupyter Notebook,89660,22023,89660,14,2021-03-03 01:34:05+00:00,2026-08-21 19:38:48+00:00,MIT License,5.47,0
funNLP,fighting41love,Python,82586,15272,82586,52,2018-08-21 11:20:39+00:00,2026-08-21 18:28:02+00:00,No license specified,8.0,0
awesome-machine-learning,josephmisiti,Python,74097,15616,74097,26,2014-07-15 19:11:19+00:00,2026-08-21 20:11:20+00:00,Other,12.1,0
scikit-learn,scikit-learn,Python,67005,27297,67005,2121,2010-08-17 09:43:38+00:00,2026-08-21 19:21:15+00:00,"BSD 3-Clause ""New"" or ""Revised"" License",16.01,0
gradio,gradio-app,Python,43400,3578,43400,174,2018-12-19 08:24:04+00:00,2026-08-21 19:39:10+00:00,Apache License 2.0,7.67,0
500-AI-Machine-learning-Deep-learning-Computer-vision-NLP-Projects-with-code,ashishpatel26,Not specified,36437,7453,36437,68,2021-01-02 12:08:37+00:00,2026-08-21 19:36:07+00:00,No license specified,5.63,0
C-Plus-Plus,TheAlgorithms,C++,34590,7851,34590,29,2016-07-16 10:19:45+00:00,2026-08-21 14:31:59+00:00,MIT License,10.1,0
netron,lutzroeder,JavaScript,33381,3173,33381,18,2010-12-26 12:53:43+00:00,2026-08-21 16:34:21+00:00,MIT License,15.65,0
ML-From-Scratch,eriklindernoren,Python,32503,5432,32503,77,2017-02-05 12:11:23+00:00,2026-08-21 20:08:13+00:00,MIT License,9.54,0
applied-ml,eugeneyan,Not specified,30071,3992,30071,8,2020-07-04 18:57:47+00:00,2026-08-21 14:35:59+00:00,MIT License,6.13,0
machine-learning-for-software-engineers,ZuzooVn,Not specified,28866,6146,28866,32,2016-10-09 21:20:25+00:00,2026-08-21 17:09:08+00:00,Creative Commons Attribution Share Alike 4.0 International,9.86,0
linkedin-skill-assessments-quizzes,Ebazhanov,Python,28803,12906,28803,21,2019-07-13 19:52:56+00:00,2026-08-21 18:17:53+00:00,GNU Affero General Public License v3.0,7.11,0
cs249r_book,harvard-edge,Python,27970,3534,27970,26,2023-09-06 19:31:06+00:00,2026-08-21 20:21:10+00:00,Other,2.96,0
shap,shap,Jupyter Notebook,25695,3744,25695,1010,2016-11-22 19:17:08+00:00,2026-08-21 18:52:37+00:00,MIT License,9.74,0
homemade-machine-learning,trekhleb,Jupyter Notebook,24772,4194,24772,30,2018-11-01 04:34:19+00:00,2026-08-21 14:21:49+00:00,MIT License,7.8,0
Paddle,PaddlePaddle,C++,24059,6014,24059,1505,2016-08-15 06:59:08+00:00,2026-08-21 17:06:09+00:00,Apache License 2.0,10.02,0
best-of-ml-python,lukasmasuch,Not specified,23727,3146,23727,54,2020-11-29 19:41:36+00:00,2026-08-21 18:10:48+00:00,Creative Commons Attribution Share Alike 4.0 International,5.72,0
C,TheAlgorithms,C,22331,4768,22331,18,2016-07-16 10:17:03+00:00,2026-08-21 17:52:38+00:00,GNU General Public License v3.0,10.1,0
onnx,onnx,Python,21341,4007,21341,283,2017-09-07 04:53:45+00:00,2026-08-21 14:52:48+00:00,Apache License 2.0,8.95,0
rasa,RasaHQ,Python,21300,4918,21300,153,2016-10-14 12:27:49+00:00,2026-08-21 16:10:26+00:00,Apache License 2.0,9.85,0
video2x,k4yt3x,C++,21011,1823,21011,130,2018-02-24 16:34:41+00:00,2026-08-21 20:06:21+00:00,GNU Affero General Public License v3.0,8.49,0
awesome-production-machine-learning,EthicalML,Not specified,20859,2590,20859,31,2018-08-15 14:28:41+00:00,2026-08-21 15:54:59+00:00,MIT License,8.02,0
machine-learning-for-trading,stefan-jansen,Jupyter Notebook,20570,5546,20570,6,2018-05-09 12:33:08+00:00,2026-08-21 20:07:01+00:00,MIT License,8.28,0
stanford-cs-229-machine-learning,afshinea,Not specified,20141,4249,20141,20,2018-08-04 23:01:00+00:00,2026-08-21 19:16:55+00:00,MIT License,8.05,0
ml-agents,Unity-Technologies,C#,19643,4484,19643,20,2017-09-08 21:09:04+00:00,2026-08-21 12:41:47+00:00,Other,8.95,0
LightGBM,lightgbm-org,C++,18707,4056,18707,511,2016-08-05 05:45:50+00:00,2026-08-21 17:04:33+00:00,MIT License,10.04,0
ml-engineering,stas00,Python,18682,1203,18682,3,2020-09-02 19:23:01+00:00,2026-08-21 18:41:49+00:00,Creative Commons Attribution Share Alike 4.0 International,5.97,0
Machine-Learning-Tutorials,ujjwalkarn,Not specified,18129,3969,18129,47,2015-09-12 14:51:38+00:00,2026-08-21 16:26:24+00:00,Creative Commons Zero v1.0 Universal,10.94,0
ML-NLP,NLP-LOVE,Jupyter Notebook,17796,4627,17796,36,2019-07-05 12:49:53+00:00,2026-08-21 08:46:43+00:00,No license specified,7.13,0
brpc,apache,C++,17591,4135,17591,464,2017-09-04 09:28:47+00:00,2026-08-21 17:56:47+00:00,Apache License 2.0,8.96,0
ML-YouTube-Courses,dair-ai,Not specified,17380,2126,17380,21,2021-06-25 09:39:16+00:00,2026-08-21 12:30:16+00:00,Creative Commons Zero v1.0 Universal,5.16,0
numpy-ml,ddbourgin,Python,16333,3744,16333,47,2019-04-06 22:29:49+00:00,2026-08-21 02:10:24+00:00,GNU General Public License v3.0,7.38,0
transformers.js,huggingface,JavaScript,16264,1179,16264,276,2023-02-13 13:51:45+00:00,2026-08-21 10:07:15+00:00,Apache License 2.0,3.52,0
mml-book.github.io,mml-book,Jupyter Notebook,15910,2847,15910,197,2017-12-08 10:52:21+00:00,2026-08-21 16:18:31+00:00,No license specified,8.7,0
kubeflow,kubeflow,Not specified,15825,2692,15825,0,2017-11-30 18:44:19+00:00,2026-08-21 18:26:37+00:00,Apache License 2.0,8.72,0
cheatsheets-ai,kailashahirwar,Not specified,15427,3372,15427,12,2017-05-24 12:06:56+00:00,2026-08-21 09:19:05+00:00,MIT License,9.24,0
ggml,ggml-org,C++,15214,1787,15214,352,2022-09-18 17:07:19+00:00,2026-08-21 19:36:41+00:00,MIT License,3.92,0
Qix,ty4z2008,Not specified,15190,4575,15190,0,2014-04-20 11:03:15+00:00,2026-08-21 15:55:46+00:00,Other,12.34,0
imgaug,aleju,Python,14738,2450,14738,311,2015-07-10 20:31:33+00:00,2026-08-21 09:38:07+00:00,MIT License,11.12,0
bullet3,bulletphysics,C++,14685,3088,14685,423,2011-04-12 18:45:08+00:00,2026-08-21 17:23:12+00:00,Other,15.36,0
ChatterBot,gunthercox,Python,14509,4420,14509,72,2014-09-28 14:49:00+00:00,2026-08-20 11:19:50+00:00,"BSD 3-Clause ""New"" or ""Revised"" License",11.9,1
dlib,davisking,C++,14432,3442,14432,38,2014-01-29 00:45:33+00:00,2026-08-20 03:44:28+00:00,Boost Software License 1.0,12.56,1
nni,microsoft,Python,14363,1851,14363,415,2018-06-01 05:51:44+00:00,2026-08-20 11:20:41+00:00,MIT License,8.22,1
mit-deep-learning-book-pdf,janishar,Java,14203,2909,14203,12,2017-04-07 10:46:50+00:00,2026-08-21 15:56:46+00:00,No license specified,9.37,0
ivy,unifyai,Python,14171,5462,14171,985,2021-01-19 08:37:25+00:00,2026-08-20 13:28:04+00:00,Other,5.59,1
machine-learning-zoomcamp,DataTalksClub,Jupyter Notebook,13969,3099,13969,3,2020-04-17 04:29:23+00:00,2026-08-21 19:43:40+00:00,No license specified,6.34,0
handson-ml3,ageron,Jupyter Notebook,13968,5256,13968,107,2022-02-19 09:43:22+00:00,2026-08-21 15:54:52+00:00,Apache License 2.0,4.5,0
tvm,apache,Python,13675,3958,13675,234,2016-10-12 22:20:28+00:00,2026-08-21 13:51:30+00:00,Apache License 2.0,9.86,0
Ai-Learn,tangyudi,Not specified,13275,2673,13275,20,2020-01-28 01:55:06+00:00,2026-08-21 12:33:55+00:00,No license specified,6.56,0
deep-learning-drizzle,kmario23,HTML,12931,2988,12931,5,2018-11-26 01:17:36+00:00,2026-08-21 06:10:44+00:00,No license specified,7.73,0
machine-learning-interview,khangich,Not specified,12788,2044,12788,9,2020-08-11 06:26:32+00:00,2026-08-21 13:04:30+00:00,No license specified,6.03,0
python-machine-learning-book,rasbt,Jupyter Notebook,12639,4373,12639,13,2015-08-07 20:39:29+00:00,2026-08-21 06:28:32+00:00,MIT License,11.04,0
predictionio,apache,Scala,12518,1897,12518,80,2013-01-25 19:42:32+00:00,2026-08-21 05:59:51+00:00,Apache License 2.0,13.57,0
lime,marcotcr,JavaScript,12165,1847,12165,133,2016-03-15 22:18:10+00:00,2026-08-17 22:12:58+00:00,"BSD 2-Clause ""Simplified"" License",10.43,4
cleanlab,cleanlab,Python,11630,916,11630,121,2018-05-11 01:55:21+00:00,2026-08-21 06:41:07+00:00,Apache License 2.0,8.28,0
dive-into-machine-learning,dive-into-machine-learning,Not specified,11390,1866,11390,0,2015-02-22 23:48:16+00:00,2026-08-20 20:37:28+00:00,Creative Commons Attribution 4.0 International,11.49,1
MLAlgorithms,rushter,Python,11168,1768,11168,10,2016-10-05 06:46:45+00:00,2026-08-20 06:35:49+00:00,MIT License,9.88,1
turicreate,apple,C++,11160,1118,11160,522,2017-12-01 00:42:04+00:00,2026-08-18 01:19:28+00:00,"BSD 3-Clause ""New"" or ""Revised"" License",8.72,3
amazon-sagemaker-examples,aws,Jupyter Notebook,10979,6961,10979,849,2017-10-23 05:55:22+00:00,2026-08-20 03:24:40+00:00,Apache License 2.0,8.83,1
A-Curated-List-of-ML-System-Design-Case-Studies,Engineer1999,Not specified,10951,1681,10951,7,2024-05-18 15:42:58+00:00,2026-08-21 16:55:06+00:00,No license specified,2.26,0
dolly,databrickslabs,Python,10804,1140,10804,5,2023-03-24 16:15:53+00:00,2026-08-20 05:59:23+00:00,Apache License 2.0,3.41,1
doccano,doccano,Python,10753,1823,10753,395,2018-05-09 06:10:05+00:00,2026-08-21 18:26:35+00:00,MIT License,8.28,0
mlcourse.ai,Yorko,Python,10692,5697,10692,3,2017-02-27 08:32:20+00:00,2026-08-21 15:24:19+00:00,Other,9.48,0
machine-learning-systems-design,chiphuyen,HTML,10538,1631,10538,11,2019-11-24 23:16:28+00:00,2026-08-21 18:33:39+00:00,No license specified,6.74,0
Machine-Learning,Jack-Cherish,Python,10371,5065,10371,7,2017-03-25 07:32:37+00:00,2026-08-19 13:54:16+00:00,No license specified,9.41,2
machine-learning-notes,roboticcam,Jupyter Notebook,10337,1825,10337,28,2018-02-15 15:42:33+00:00,2026-08-21 07:52:17+00:00,No license specified,8.51,0
3D-Machine-Learning,timzhang642,Not specified,10191,1797,10191,21,2017-08-12 15:20:54+00:00,2026-08-21 09:19:46+00:00,No license specified,9.02,0
tpot,EpistasisLab,Jupyter Notebook,10051,1562,10051,312,2015-11-03 21:08:40+00:00,2026-08-18 06:34:07+00:00,GNU Lesser General Public License v3.0,10.8,3
sktime,sktime,Python,9956,2300,9956,2407,2018-11-06 15:08:24+00:00,2026-08-21 18:39:17+00:00,"BSD 3-Clause ""New"" or ""Revised"" License",7.79,0
Stock-Prediction-Models,huseinzol05,Jupyter Notebook,9482,3046,9482,47,2017-12-18 10:49:59+00:00,2026-08-21 11:16:48+00:00,Apache License 2.0,8.67,0
cog,replicate,Go,9459,696,9459,72,2021-02-26 23:43:09+00:00,2026-08-21 05:59:41+00:00,Apache License 2.0,5.48,0
golearn,sjwhitworth,Go,9438,1165,9438,89,2013-12-26 13:06:14+00:00,2026-08-21 02:09:20+00:00,MIT License,12.65,0
AIMLInterviews,alirezadir,Jupyter Notebook,9430,1660,9430,11,2021-01-31 03:52:09+00:00,2026-08-21 20:15:47+00:00,MIT License,5.55,0
machinelearning,dotnet,C#,9349,1950,9349,1008,2018-05-03 16:20:42+00:00,2026-08-21 20:08:36+00:00,MIT License,8.3,0
awesome-ml-for-cybersecurity,jivoi,Not specified,9309,1940,9309,33,2016-12-20 12:46:36+00:00,2026-08-21 18:02:23+00:00,Other,9.67,0
awesome-project-ideas,NirantK,Not specified,9279,1292,9279,7,2017-08-19 09:37:58+00:00,2026-08-21 16:43:18+00:00,MIT License,9.0,0
catboost,catboost,C++,9072,1319,9072,712,2017-07-18 05:29:04+00:00,2026-08-21 17:09:20+00:00,Apache License 2.0,9.09,0
machine_learning_examples,lazyprogrammer,Python,8911,6404,8911,33,2014-07-31 23:40:45+00:00,2026-08-20 15:52:32+00:00,No license specified,12.06,1
state-of-the-art-result-for-machine-learning-problems,RedditSota,Not specified,8894,1294,8894,14,2017-11-09 01:21:40+00:00,2026-08-21 05:56:46+00:00,Apache License 2.0,8.78,0
pattern,clips,Python,8860,1558,8860,179,2011-05-03 15:29:01+00:00,2026-08-18 06:33:05+00:00,"BSD 3-Clause ""New"" or ""Revised"" License",15.3,3
financial-machine-learning,firmai,Python,8754,1410,8754,15,2019-03-21 21:00:35+00:00,2026-08-21 07:50:20+00:00,No license specified,7.42,0
vowpal_wabbit,VowpalWabbit,C++,8705,1925,8705,1,2009-07-31 19:36:58+00:00,2026-08-20 19:05:45+00:00,Other,17.06,1
MachineLearning_Python,lawlite19,Python,8580,2515,8580,10,2016-10-17 15:44:59+00:00,2026-08-20 01:33:10+00:00,MIT License,9.84,1
Machine-Learning-Collection,aladdinpersson,Python,8488,2785,8488,118,2020-03-26 07:02:40+00:00,2026-08-21 13:30:13+00:00,MIT License,6.4,0
approachingalmost,abhishekkrthakur,Not specified,8374,1122,8374,54,2020-07-04 07:13:20+00:00,2026-08-21 13:45:00+00:00,No license specified,6.13,0
introduction_to_ml_with_python,amueller,Jupyter Notebook,8152,4670,8152,28,2016-05-29 18:29:47+00:00,2026-08-21 10:59:46+00:00,No license specified,10.23,0
auto-sklearn,automl,Python,8126,1323,8126,207,2015-07-02 15:38:10+00:00,2026-08-17 01:46:07+00:00,"BSD 3-Clause ""New"" or ""Revised"" License",11.14,4
machine-learning-cheat-sheet,soulmachine,TeX,8042,1332,8042,11,2013-05-09 07:43:59+00:00,2026-08-20 15:23:23+00:00,No license specified,13.28,1
cortex,cortexlabs,Go,8011,594,8011,132,2019-01-24 04:43:14+00:00,2026-08-20 21:08:25+00:00,Apache License 2.0,7.57,1
machine-learning-roadmap,mrdbourke,Not specified,7893,1168,7893,12,2020-07-09 07:07:47+00:00,2026-08-15 21:26:11+00:00,MIT License,6.12,6
machine-learning-yearning-cn,deeplearning-ai,CSS,7844,1500,7844,4,2018-06-19 19:26:39+00:00,2026-08-21 08:27:22+00:00,Other,8.17,0
Machine-Learning-Specialization-Coursera,greyhatguy007,Jupyter Notebook,7798,3728,7798,26,2022-06-16 15:31:02+00:00,2026-08-21 18:58:59+00:00,MIT License,4.18,0
Machine-learning-learning-notes,Vay-keen,Not specified,7761,1879,7761,28,2018-03-24 06:48:10+00:00,2026-08-21 04:15:39+00:00,No license specified,8.41,0
awesome-youtubers,JoseDeFreitas,Markdown,7734,496,7734,2,2020-08-25 14:18:15+00:00,2026-08-21 14:27:52+00:00,Creative Commons Zero v1.0 Universal,5.99,0
Learn_Machine_Learning_in_3_Months,llSourcell,Not specified,7603,2310,7603,19,2018-03-02 10:59:53+00:00,2026-08-21 16:08:33+00:00,No license specified,8.47,0
h2o-3,h2oai,Jupyter Notebook,7495,2025,7495,2881,2014-03-03 16:08:07+00:00,2026-08-21 06:04:07+00:00,Apache License 2.0,12.47,0
industry-machine-learning,firmai,Jupyter Notebook,7483,1249,7483,3,2019-05-03 05:08:15+00:00,2026-08-21 11:40:40+00:00,No license specified,7.3,0
